id,name,code,parent_id:id
fel_pa_product_family_1010,Animales vivos,1010,fel_pa_product_segment_10
fel_pa_product_family_1011,Productos para animales domésticos,1011,fel_pa_product_segment_10
fel_pa_product_family_1012,Comida de animales,1012,fel_pa_product_segment_10
fel_pa_product_family_1013,Recipientes y hábitat para animales,1013,fel_pa_product_segment_10
fel_pa_product_family_1014,Productos de talabartería y arreo,1014,fel_pa_product_segment_10
fel_pa_product_family_1015,"Semillas, bulbos, plántulas y esquejes",1015,fel_pa_product_segment_10
fel_pa_product_family_1016,Productos de floricultura y silvicultura,1016,fel_pa_product_segment_10
fel_pa_product_family_1017,Fertilizantes y nutrientes para plantas y herbicidas,1017,fel_pa_product_segment_10
fel_pa_product_family_1019,Productos para el control de plagas,1019,fel_pa_product_segment_10
fel_pa_product_family_1020,Rosales vivos,1020,fel_pa_product_segment_10
fel_pa_product_family_1021,Plantas vivas de especies o variedades de flores altas,1021,fel_pa_product_segment_10
fel_pa_product_family_1022,Plantas vivas de especies o variedades de flores bajas,1022,fel_pa_product_segment_10
fel_pa_product_family_1023,Crisantemos vivos,1023,fel_pa_product_segment_10
fel_pa_product_family_1024,Claveles vivos,1024,fel_pa_product_segment_10
fel_pa_product_family_1025,Orquídeas vivas,1025,fel_pa_product_segment_10
fel_pa_product_family_1030,Rosas frescas cortadas,1030,fel_pa_product_segment_10
fel_pa_product_family_1031,Bouquets cortados frescos de especies o variedades de flores altas,1031,fel_pa_product_segment_10
fel_pa_product_family_1032,Bouquets cortados frescos de especies o variedades de flores bajas,1032,fel_pa_product_segment_10
fel_pa_product_family_1033,Crisantemos cortados frescos,1033,fel_pa_product_segment_10
fel_pa_product_family_1034,Bouquets florales cortados frescos,1034,fel_pa_product_segment_10
fel_pa_product_family_1035,Claveles cortados frescos,1035,fel_pa_product_segment_10
fel_pa_product_family_1036,Orquídeas cortadas frescas,1036,fel_pa_product_segment_10
fel_pa_product_family_1040,Rosas cortadas secas,1040,fel_pa_product_segment_10
fel_pa_product_family_1041,Bouquets cortados secos de especies o variedades de flores altas,1041,fel_pa_product_segment_10
fel_pa_product_family_1042,Bouquets cortados secos de especies o variedades de flores bajas,1042,fel_pa_product_segment_10
fel_pa_product_family_1043,Crisantemos cortados secos,1043,fel_pa_product_segment_10
fel_pa_product_family_1044,Claveles cortados secos,1044,fel_pa_product_segment_10
fel_pa_product_family_1045,Orquídeas cortadas secas,1045,fel_pa_product_segment_10
fel_pa_product_family_1050,Follaje cortado fresco,1050,fel_pa_product_segment_10
fel_pa_product_family_1110,"Minerales, minerales metálicos y metales",1110,fel_pa_product_segment_11
fel_pa_product_family_1111,Tierra y piedra,1111,fel_pa_product_segment_11
fel_pa_product_family_1112,Productos no comestibles de planta y silvicultura,1112,fel_pa_product_segment_11
fel_pa_product_family_1113,Productos animales no comestibles,1113,fel_pa_product_segment_11
fel_pa_product_family_1114,Chatarra y materiales de desecho,1114,fel_pa_product_segment_11
fel_pa_product_family_1115,"Fibra, hilos e hilados",1115,fel_pa_product_segment_11
fel_pa_product_family_1116,Tejidos y materiales de cuero,1116,fel_pa_product_segment_11
fel_pa_product_family_1117,Aleaciones,1117,fel_pa_product_segment_11
fel_pa_product_family_1118,Óxido metálico,1118,fel_pa_product_segment_11
fel_pa_product_family_1119,Desechos metálicos y chatarra,1119,fel_pa_product_segment_11
fel_pa_product_family_1213,Materiales explosivos,1213,fel_pa_product_segment_12
fel_pa_product_family_1214,Elementos y gases,1214,fel_pa_product_segment_12
fel_pa_product_family_1216,Aditivos,1216,fel_pa_product_segment_12
fel_pa_product_family_1217,Colorantes,1217,fel_pa_product_segment_12
fel_pa_product_family_1218,Ceras y aceites,1218,fel_pa_product_segment_12
fel_pa_product_family_1219,Solventes,1219,fel_pa_product_segment_12
fel_pa_product_family_1235,Compuestos y mezclas,1235,fel_pa_product_segment_12
fel_pa_product_family_1310,Caucho y elastómeros,1310,fel_pa_product_segment_13
fel_pa_product_family_1311,Resinas y colofonias y otros materiales derivados de resina,1311,fel_pa_product_segment_13
fel_pa_product_family_1400,Materiales y Productos de Papel,1400,fel_pa_product_segment_14
fel_pa_product_family_1410,Materiales de papel,1410,fel_pa_product_segment_14
fel_pa_product_family_1411,Productos de papel,1411,fel_pa_product_segment_14
fel_pa_product_family_1412,Papel para uso industrial,1412,fel_pa_product_segment_14
fel_pa_product_family_1510,Combustibles,1510,fel_pa_product_segment_15
fel_pa_product_family_1511,Combustibles gaseosos y aditivos,1511,fel_pa_product_segment_15
fel_pa_product_family_1512,"Lubricantes, aceites, grasas y anticorrosivos",1512,fel_pa_product_segment_15
fel_pa_product_family_1513,Combustible para reactores nucleares,1513,fel_pa_product_segment_15
fel_pa_product_family_2010,Maquinaria y equipo de minería y explotación de canteras,2010,fel_pa_product_segment_20
fel_pa_product_family_2011,Equipo de perforación y explotación de pozos,2011,fel_pa_product_segment_20
fel_pa_product_family_2012,Equipo para perforación y exploración de petróleo y gas,2012,fel_pa_product_segment_20
fel_pa_product_family_2013,Materiales para perforación y operaciones de petróleo y gas,2013,fel_pa_product_segment_20
fel_pa_product_family_2014,Equipo de producción y operación de petróleo y gas,2014,fel_pa_product_segment_20
fel_pa_product_family_2110,"Maquinaria y equipo para agricultura, silvicultura y paisajismo",2110,fel_pa_product_segment_21
fel_pa_product_family_2111,Equipo de pesca y acuicultura,2111,fel_pa_product_segment_21
fel_pa_product_family_2210,Maquinaria y equipo pesado de construcción,2210,fel_pa_product_segment_22
fel_pa_product_family_2310,Maquinaria para el procesamiento de materias primas,2310,fel_pa_product_segment_23
fel_pa_product_family_2311,Maquinaria para el procesamiento de petróleo,2311,fel_pa_product_segment_23
fel_pa_product_family_2312,Maquinaria y accesorios de textiles y tejidos,2312,fel_pa_product_segment_23
fel_pa_product_family_2313,Maquinaria y equipos lapidarios,2313,fel_pa_product_segment_23
fel_pa_product_family_2314,Maquinaria de reparación y accesorios para marroquinería,2314,fel_pa_product_segment_23
fel_pa_product_family_2315,"Maquinaria, equipo y suministros de procesos industriales",2315,fel_pa_product_segment_23
fel_pa_product_family_2316,"Máquinas, equipo y suministros para fundición",2316,fel_pa_product_segment_23
fel_pa_product_family_2318,Equipo industrial para alimentos y bebidas,2318,fel_pa_product_segment_23
fel_pa_product_family_2319,Mezcladores y sus partes y accesorios,2319,fel_pa_product_segment_23
fel_pa_product_family_2320,Equipamiento para transferencia de masa,2320,fel_pa_product_segment_23
fel_pa_product_family_2321,"Maquinaria de fabricación electrónica, equipo y accesorios",2321,fel_pa_product_segment_23
fel_pa_product_family_2322,Equipo y maquinaria de procesamiento de pollos,2322,fel_pa_product_segment_23
fel_pa_product_family_2323,Equipo y maquinaria de procesamiento de madera y aserrado,2323,fel_pa_product_segment_23
fel_pa_product_family_2324,Maquinaria y accesorios para cortar metales,2324,fel_pa_product_segment_23
fel_pa_product_family_2325,Maquinaria y accesorios para el formado de metales,2325,fel_pa_product_segment_23
fel_pa_product_family_2326,Maquinaria y accesorios para hacer prototipos rápidos,2326,fel_pa_product_segment_23
fel_pa_product_family_2327,Maquinaria y accesorios y suministros para soldadura de todas las clases,2327,fel_pa_product_segment_23
fel_pa_product_family_2328,Maquinaria para el tratamiento de metal,2328,fel_pa_product_segment_23
fel_pa_product_family_2329,Herramientas de maquinado industrial,2329,fel_pa_product_segment_23
fel_pa_product_family_2330,Maquinaria y equipo para cable,2330,fel_pa_product_segment_23
fel_pa_product_family_2410,Maquinaria y equipo para manejo de materiales,2410,fel_pa_product_segment_24
fel_pa_product_family_2411,Recipientes y almacenamiento,2411,fel_pa_product_segment_24
fel_pa_product_family_2412,Materiales de empaque,2412,fel_pa_product_segment_24
fel_pa_product_family_2413,Refrigeración industrial,2413,fel_pa_product_segment_24
fel_pa_product_family_2414,Suministros de embalaje,2414,fel_pa_product_segment_24
fel_pa_product_family_2510,Vehículos de motor,2510,fel_pa_product_segment_25
fel_pa_product_family_2511,Transporte marítimo,2511,fel_pa_product_segment_25
fel_pa_product_family_2512,Maquinaria y equipo para ferrocarril y tranvías,2512,fel_pa_product_segment_25
fel_pa_product_family_2513,Aeronaves,2513,fel_pa_product_segment_25
fel_pa_product_family_2515,Naves espaciales,2515,fel_pa_product_segment_25
fel_pa_product_family_2516,Bicicletas no motorizadas,2516,fel_pa_product_segment_25
fel_pa_product_family_2517,Componentes y sistemas de transporte,2517,fel_pa_product_segment_25
fel_pa_product_family_2518,Carrocerías y remolques,2518,fel_pa_product_segment_25
fel_pa_product_family_2519,Equipo para servicios de transporte,2519,fel_pa_product_segment_25
fel_pa_product_family_2520,Sistemas y componentes y equipos aeroespaciales,2520,fel_pa_product_segment_25
fel_pa_product_family_2610,Fuentes de energía,2610,fel_pa_product_segment_26
fel_pa_product_family_2611,Baterías y generadores y transmisión de energía cinética,2611,fel_pa_product_segment_26
fel_pa_product_family_2612,"Alambres, cables y arneses",2612,fel_pa_product_segment_26
fel_pa_product_family_2613,Generación de energía,2613,fel_pa_product_segment_26
fel_pa_product_family_2614,Maquinaria y equipo para energía atómica o nuclear,2614,fel_pa_product_segment_26
fel_pa_product_family_2711,Herramientas de mano,2711,fel_pa_product_segment_27
fel_pa_product_family_2712,Maquinaria y equipo hidráulico,2712,fel_pa_product_segment_27
fel_pa_product_family_2713,Maquinaria y equipo neumático,2713,fel_pa_product_segment_27
fel_pa_product_family_2714,Herramientas especializadas automotrices,2714,fel_pa_product_segment_27
fel_pa_product_family_3010,Componentes estructurales y formas básicas,3010,fel_pa_product_segment_30
fel_pa_product_family_3011,"Hormigón, cemento y yeso",3011,fel_pa_product_segment_30
fel_pa_product_family_3012,Carreteras y paisaje,3012,fel_pa_product_segment_30
fel_pa_product_family_3013,Productos de construcción estructurales,3013,fel_pa_product_segment_30
fel_pa_product_family_3014,Aislamiento,3014,fel_pa_product_segment_30
fel_pa_product_family_3015,Materiales para acabado de exteriores,3015,fel_pa_product_segment_30
fel_pa_product_family_3016,Materiales de acabado de interiores,3016,fel_pa_product_segment_30
fel_pa_product_family_3017,Puertas y ventanas y vidrio,3017,fel_pa_product_segment_30
fel_pa_product_family_3018,Instalaciones de plomería,3018,fel_pa_product_segment_30
fel_pa_product_family_3019,Equipo de apoyo para Construcción y Mantenimiento,3019,fel_pa_product_segment_30
fel_pa_product_family_3024,Componentes de construcción de estructura portátil,3024,fel_pa_product_segment_30
fel_pa_product_family_3025,Estructuras y materiales de minería subterránea,3025,fel_pa_product_segment_30
fel_pa_product_family_3026,Materiales estructurales,3026,fel_pa_product_segment_30
fel_pa_product_family_3100,Componentes y Suministros de Manufactura,3100,fel_pa_product_segment_31
fel_pa_product_family_3110,Piezas de fundición y ensambles de piezas de fundición,3110,fel_pa_product_segment_31
fel_pa_product_family_3111,Extrusiones,3111,fel_pa_product_segment_31
fel_pa_product_family_3112,Piezas fundidas maquinadas,3112,fel_pa_product_segment_31
fel_pa_product_family_3113,Forjaduras,3113,fel_pa_product_segment_31
fel_pa_product_family_3114,Molduras,3114,fel_pa_product_segment_31
fel_pa_product_family_3115,"Cuerda, cadena, cable, alambre y correa",3115,fel_pa_product_segment_31
fel_pa_product_family_3116,Ferretería,3116,fel_pa_product_segment_31
fel_pa_product_family_3117,"Rodamientos, cojinetes ruedas y engranajes",3117,fel_pa_product_segment_31
fel_pa_product_family_3118,"Empaques, glándulas, fundas y cubiertas",3118,fel_pa_product_segment_31
fel_pa_product_family_3119,Materiales de afilado pulido y alisado,3119,fel_pa_product_segment_31
fel_pa_product_family_3120,Adhesivos y selladores,3120,fel_pa_product_segment_31
fel_pa_product_family_3121,Pinturas y bases y acabados,3121,fel_pa_product_segment_31
fel_pa_product_family_3122,Extractos de teñir y de curtir,3122,fel_pa_product_segment_31
fel_pa_product_family_3123,Materia prima en placas o barras labradas,3123,fel_pa_product_segment_31
fel_pa_product_family_3124,Óptica industrial,3124,fel_pa_product_segment_31
fel_pa_product_family_3125,"Sistemas de control neumático, hidráulico o eléctrico",3125,fel_pa_product_segment_31
fel_pa_product_family_3126,"Cubiertas, cajas y envolturas",3126,fel_pa_product_segment_31
fel_pa_product_family_3127,Piezas hechas a máquina,3127,fel_pa_product_segment_31
fel_pa_product_family_3128,Componentes de placa y estampados,3128,fel_pa_product_segment_31
fel_pa_product_family_3129,Extrusiones maquinadas,3129,fel_pa_product_segment_31
fel_pa_product_family_3130,Forjas labradas,3130,fel_pa_product_segment_31
fel_pa_product_family_3131,Ensambles de tubería fabricada,3131,fel_pa_product_segment_31
fel_pa_product_family_3132,Ensambles fabricados de material en barras,3132,fel_pa_product_segment_31
fel_pa_product_family_3133,Ensambles estructurales fabricados,3133,fel_pa_product_segment_31
fel_pa_product_family_3134,Ensambles de lámina fabricado,3134,fel_pa_product_segment_31
fel_pa_product_family_3135,Ensambles de tubería fabricada,3135,fel_pa_product_segment_31
fel_pa_product_family_3136,Ensambles de placa fabricados,3136,fel_pa_product_segment_31
fel_pa_product_family_3137,Refractarios,3137,fel_pa_product_segment_31
fel_pa_product_family_3138,Imanes y materiales magnéticos,3138,fel_pa_product_segment_31
fel_pa_product_family_3139,Maquinados,3139,fel_pa_product_segment_31
fel_pa_product_family_3140,Empaques,3140,fel_pa_product_segment_31
fel_pa_product_family_3141,Sellos,3141,fel_pa_product_segment_31
fel_pa_product_family_3142,Partes sinterizadas,3142,fel_pa_product_segment_31
fel_pa_product_family_3210,"Circuitos impresos, circuitos integrados y micro ensamblajes",3210,fel_pa_product_segment_32
fel_pa_product_family_3211,Dispositivo semiconductor discreto,3211,fel_pa_product_segment_32
fel_pa_product_family_3212,Componentes pasivos discretos,3212,fel_pa_product_segment_32
fel_pa_product_family_3213,Piezas de componentes y hardware electrónicos y accesorios,3213,fel_pa_product_segment_32
fel_pa_product_family_3214,Dispositivos de tubo electrónico y accesorios,3214,fel_pa_product_segment_32
fel_pa_product_family_3215,Dispositivos y componentes y accesorios de control de automatización,3215,fel_pa_product_segment_32
fel_pa_product_family_3910,Lámparas y bombillas y componentes para lámparas,3910,fel_pa_product_segment_39
fel_pa_product_family_3911,"Iluminación, artefactos y accesorios",3911,fel_pa_product_segment_39
fel_pa_product_family_3912,"Equipos, suministros y componentes eléctricos",3912,fel_pa_product_segment_39
fel_pa_product_family_3913,Dispositivos y accesorios y suministros de manejo de cable eléctrico,3913,fel_pa_product_segment_39
fel_pa_product_family_4010,"Calefacción, ventilación y circulación del aire",4010,fel_pa_product_segment_40
fel_pa_product_family_4014,Distribución de fluidos y gas,4014,fel_pa_product_segment_40
fel_pa_product_family_4015,Bombas y compresores industriales,4015,fel_pa_product_segment_40
fel_pa_product_family_4016,Filtrado y purificación industrial,4016,fel_pa_product_segment_40
fel_pa_product_family_4017,Instalaciones de tubos y entubamientos,4017,fel_pa_product_segment_40
fel_pa_product_family_4018,Instalaciones de tubos y tuberías,4018,fel_pa_product_segment_40
fel_pa_product_family_4110,Equipo de laboratorio y científico,4110,fel_pa_product_segment_41
fel_pa_product_family_4111,"Instrumentos de medida, observación y ensayo",4111,fel_pa_product_segment_41
fel_pa_product_family_4112,Suministros y accesorios de laboratorio,4112,fel_pa_product_segment_41
fel_pa_product_family_4212,Equipos y suministros veterinarios,4212,fel_pa_product_segment_42
fel_pa_product_family_4213,Telas y vestidos médicos,4213,fel_pa_product_segment_42
fel_pa_product_family_4214,"Suministros, productos de tratamiento y cuidado del enfermo",4214,fel_pa_product_segment_42
fel_pa_product_family_4215,Equipos y suministros dentales,4215,fel_pa_product_segment_42
fel_pa_product_family_4216,Equipo de diálisis y suministros,4216,fel_pa_product_segment_42
fel_pa_product_family_4217,Productos para los servicios médicos de urgencias y campo,4217,fel_pa_product_segment_42
fel_pa_product_family_4218,Productos de examen y control del paciente,4218,fel_pa_product_segment_42
fel_pa_product_family_4219,Productos de centro médico,4219,fel_pa_product_segment_42
fel_pa_product_family_4220,Productos de hacer imágenes diagnósticas médicas y de medicina nuclear,4220,fel_pa_product_segment_42
fel_pa_product_family_4221,Ayuda para personas con desafíos físicos para vivir independiente,4221,fel_pa_product_segment_42
fel_pa_product_family_4222,Productos para administración intravenosa y arterial,4222,fel_pa_product_segment_42
fel_pa_product_family_4223,Nutrición clínica,4223,fel_pa_product_segment_42
fel_pa_product_family_4224,Productos medicinales de deportes y ortopédicos y prótesis,4224,fel_pa_product_segment_42
fel_pa_product_family_4225,Productos de rehabilitación y terapia ocupacional y física,4225,fel_pa_product_segment_42
fel_pa_product_family_4226,Equipo y suministros post mortem y funerarios,4226,fel_pa_product_segment_42
fel_pa_product_family_4227,"Productos de resucitación, anestesia y respiratorio",4227,fel_pa_product_segment_42
fel_pa_product_family_4228,Productos para la esterilización médica,4228,fel_pa_product_segment_42
fel_pa_product_family_4229,Productos quirúrgicos,4229,fel_pa_product_segment_42
fel_pa_product_family_4230,Suministros para formación y estudios de medicina,4230,fel_pa_product_segment_42
fel_pa_product_family_4231,Productos para el cuidado de heridas,4231,fel_pa_product_segment_42
fel_pa_product_family_4232,Implantes ortopédicos quirúrgicos,4232,fel_pa_product_segment_42
fel_pa_product_family_4319,Dispositivos de comunicaciones y accesorios,4319,fel_pa_product_segment_43
fel_pa_product_family_4320,"Componentes para tecnología de la información, difusión o telecomunicaciones",4320,fel_pa_product_segment_43
fel_pa_product_family_4321,Equipo informático y accesorios,4321,fel_pa_product_segment_43
fel_pa_product_family_4322,Equipos o plataformas y accesorios de redes multimedia o de voz y datos,4322,fel_pa_product_segment_43
fel_pa_product_family_4323,Software,4323,fel_pa_product_segment_43
fel_pa_product_family_4410,"Maquinaria, suministros y accesorios de oficina",4410,fel_pa_product_segment_44
fel_pa_product_family_4411,Accesorios de oficina y escritorio,4411,fel_pa_product_segment_44
fel_pa_product_family_4412,Suministros de oficina,4412,fel_pa_product_segment_44
fel_pa_product_family_4510,Equipo de imprenta y publicación,4510,fel_pa_product_segment_45
fel_pa_product_family_4511,Equipos de audio y video para presentación y composición,4511,fel_pa_product_segment_45
fel_pa_product_family_4512,"Equipo de vídeo, filmación o fotografía",4512,fel_pa_product_segment_45
fel_pa_product_family_4513,Medios fotográficos y de grabación,4513,fel_pa_product_segment_45
fel_pa_product_family_4514,Suministros fotográficos para cine,4514,fel_pa_product_segment_45
fel_pa_product_family_4610,Armas ligeras y munición,4610,fel_pa_product_segment_46
fel_pa_product_family_4611,Armas de guerra convencionales,4611,fel_pa_product_segment_46
fel_pa_product_family_4612,Misiles,4612,fel_pa_product_segment_46
fel_pa_product_family_4613,Cohetes y subsistemas,4613,fel_pa_product_segment_46
fel_pa_product_family_4614,Lanzadores,4614,fel_pa_product_segment_46
fel_pa_product_family_4615,Protección del Orden Público,4615,fel_pa_product_segment_46
fel_pa_product_family_4616,Seguridad y control público,4616,fel_pa_product_segment_46
fel_pa_product_family_4617,"Seguridad, vigilancia y detección",4617,fel_pa_product_segment_46
fel_pa_product_family_4618,Seguridad y protección personal,4618,fel_pa_product_segment_46
fel_pa_product_family_4619,Protección contra incendios,4619,fel_pa_product_segment_46
fel_pa_product_family_4620,"Equipo de entrenamiento de seguridad física e industrial, defensa y orden público",4620,fel_pa_product_segment_46
fel_pa_product_family_4710,"Tratamiento, suministros y eliminación de agua y aguas residuales",4710,fel_pa_product_segment_47
fel_pa_product_family_4711,Equipo industrial de lavandería y lavado en seco,4711,fel_pa_product_segment_47
fel_pa_product_family_4712,Equipo de aseo,4712,fel_pa_product_segment_47
fel_pa_product_family_4713,Suministros de aseo y limpieza,4713,fel_pa_product_segment_47
fel_pa_product_family_4810,Equipos de servicios de alimentación para instituciones,4810,fel_pa_product_segment_48
fel_pa_product_family_4811,Máquinas expendedoras,4811,fel_pa_product_segment_48
fel_pa_product_family_4812,Equipo de Juego o de Apostar,4812,fel_pa_product_segment_48
fel_pa_product_family_4813,Equipo y materiales funerarios,4813,fel_pa_product_segment_48
fel_pa_product_family_4910,Coleccionables y condecoraciones,4910,fel_pa_product_segment_49
fel_pa_product_family_4912,Equipos y accesorios para acampada y exteriores,4912,fel_pa_product_segment_49
fel_pa_product_family_4913,Equipos de pesca y caza,4913,fel_pa_product_segment_49
fel_pa_product_family_4914,Equipos para deportes acuáticos,4914,fel_pa_product_segment_49
fel_pa_product_family_4915,Equipos para deportes de invierno,4915,fel_pa_product_segment_49
fel_pa_product_family_4916,Equipos deportivos para campos y canchas,4916,fel_pa_product_segment_49
fel_pa_product_family_4917,Equipos de gimnasia y boxeo,4917,fel_pa_product_segment_49
fel_pa_product_family_4918,"Juegos, equipo de tiro y mesa",4918,fel_pa_product_segment_49
fel_pa_product_family_4920,Equipo para entrenamiento físico,4920,fel_pa_product_segment_49
fel_pa_product_family_4921,Otros deportes,4921,fel_pa_product_segment_49
fel_pa_product_family_4922,Equipo y accesorios para deportes,4922,fel_pa_product_segment_49
fel_pa_product_family_4924,"Equipo de recreo, parques infantiles y equipo y suministros de natación y de spa",4924,fel_pa_product_segment_49
fel_pa_product_family_5010,Frutos secos,5010,fel_pa_product_segment_50
fel_pa_product_family_5011,Productos de carne y aves de corral,5011,fel_pa_product_segment_50
fel_pa_product_family_5012,Pescados y mariscos,5012,fel_pa_product_segment_50
fel_pa_product_family_5013,Productos lácteos y huevos,5013,fel_pa_product_segment_50
fel_pa_product_family_5015,Aceites y grasas comestibles,5015,fel_pa_product_segment_50
fel_pa_product_family_5016,"Chocolates, azúcares, edulcorantes y productos de confitería",5016,fel_pa_product_segment_50
fel_pa_product_family_5017,Condimentos y conservantes,5017,fel_pa_product_segment_50
fel_pa_product_family_5018,Productos de panadería,5018,fel_pa_product_segment_50
fel_pa_product_family_5019,Alimentos preparados y conservados,5019,fel_pa_product_segment_50
fel_pa_product_family_5020,Bebidas,5020,fel_pa_product_segment_50
fel_pa_product_family_5021,Tabaco y productos de fumar y substitutos,5021,fel_pa_product_segment_50
fel_pa_product_family_5022,Productos de cereales y legumbres,5022,fel_pa_product_segment_50
fel_pa_product_family_5030,Fruta fresca,5030,fel_pa_product_segment_50
fel_pa_product_family_5031,Fruta orgánica fresca,5031,fel_pa_product_segment_50
fel_pa_product_family_5032,Fruta seca,5032,fel_pa_product_segment_50
fel_pa_product_family_5033,Fruta orgánica seca,5033,fel_pa_product_segment_50
fel_pa_product_family_5034,Fruta congelada,5034,fel_pa_product_segment_50
fel_pa_product_family_5035,Fruta orgánica congelada,5035,fel_pa_product_segment_50
fel_pa_product_family_5036,Fruta en lata o en frasco,5036,fel_pa_product_segment_50
fel_pa_product_family_5037,Fruta orgánica en lata o en frasco,5037,fel_pa_product_segment_50
fel_pa_product_family_5038,Puré de frutas,5038,fel_pa_product_segment_50
fel_pa_product_family_5040,Vegetales frescos,5040,fel_pa_product_segment_50
fel_pa_product_family_5041,Vegetales orgánicos frescos,5041,fel_pa_product_segment_50
fel_pa_product_family_5042,Vegetales secos,5042,fel_pa_product_segment_50
fel_pa_product_family_5043,Vegetales orgánicos secos,5043,fel_pa_product_segment_50
fel_pa_product_family_5044,Vegetales congelados,5044,fel_pa_product_segment_50
fel_pa_product_family_5045,Vegetales orgánicos congelados,5045,fel_pa_product_segment_50
fel_pa_product_family_5046,Vegetales en lata o en frasco,5046,fel_pa_product_segment_50
fel_pa_product_family_5047,Vegetales orgánicos en lata o en frasco,5047,fel_pa_product_segment_50
fel_pa_product_family_5110,Medicamentos antiinfecciosos,5110,fel_pa_product_segment_51
fel_pa_product_family_5111,Agentes antitumorales,5111,fel_pa_product_segment_51
fel_pa_product_family_5112,Medicamentos cardiovasculares,5112,fel_pa_product_segment_51
fel_pa_product_family_5113,Medicamentos hematólogos,5113,fel_pa_product_segment_51
fel_pa_product_family_5114,Medicamentos para el sistema nervioso central,5114,fel_pa_product_segment_51
fel_pa_product_family_5115,Medicamentos para el sistema nervioso autónomo,5115,fel_pa_product_segment_51
fel_pa_product_family_5116,Medicamentos que afectan al sistema respiratorio,5116,fel_pa_product_segment_51
fel_pa_product_family_5117,Medicamentos que afectan al sistema gastrointestinal,5117,fel_pa_product_segment_51
fel_pa_product_family_5118,Hormonas y antagonistas hormonales,5118,fel_pa_product_segment_51
fel_pa_product_family_5119,Agentes que afectan el agua y los electrolitos,5119,fel_pa_product_segment_51
fel_pa_product_family_5120,Medicamentos inmunomoduladores,5120,fel_pa_product_segment_51
fel_pa_product_family_5121,Categorías de medicamentos varios,5121,fel_pa_product_segment_51
fel_pa_product_family_5124,"Fármacos que afectan a los oídos, los ojos, la nariz y la piel",5124,fel_pa_product_segment_51
fel_pa_product_family_5125,Suplementos alimenticios veterinarios,5125,fel_pa_product_segment_51
fel_pa_product_family_5210,Revestimientos de suelos,5210,fel_pa_product_segment_52
fel_pa_product_family_5212,"Ropa de cama, mantelerías, paños de cocina y toallas",5212,fel_pa_product_segment_52
fel_pa_product_family_5213,Tratamientos de ventanas,5213,fel_pa_product_segment_52
fel_pa_product_family_5214,Aparatos electrodomésticos,5214,fel_pa_product_segment_52
fel_pa_product_family_5215,Utensilios de cocina domésticos,5215,fel_pa_product_segment_52
fel_pa_product_family_5216,Electrónica de consumo,5216,fel_pa_product_segment_52
fel_pa_product_family_5217,Tratamientos de pared doméstica,5217,fel_pa_product_segment_52
fel_pa_product_family_5310,Ropa,5310,fel_pa_product_segment_53
fel_pa_product_family_5311,Calzado,5311,fel_pa_product_segment_53
fel_pa_product_family_5312,"Maletas, bolsos de mano, mochilas y estuches",5312,fel_pa_product_segment_53
fel_pa_product_family_5313,Artículos de tocador y cuidado personal,5313,fel_pa_product_segment_53
fel_pa_product_family_5314,Fuentes y accesorios de costura,5314,fel_pa_product_segment_53
fel_pa_product_family_5410,Joyería,5410,fel_pa_product_segment_54
fel_pa_product_family_5411,Relojes,5411,fel_pa_product_segment_54
fel_pa_product_family_5412,Gemas,5412,fel_pa_product_segment_54
fel_pa_product_family_5510,Medios impresos,5510,fel_pa_product_segment_55
fel_pa_product_family_5511,Material electrónico de referencia,5511,fel_pa_product_segment_55
fel_pa_product_family_5512,Etiquetado y accesorios,5512,fel_pa_product_segment_55
fel_pa_product_family_5610,Muebles de alojamiento,5610,fel_pa_product_segment_56
fel_pa_product_family_5611,Muebles comerciales e industriales,5611,fel_pa_product_segment_56
fel_pa_product_family_5612,"Mobiliario institucional, escolar y educativo y accesorios",5612,fel_pa_product_segment_56
fel_pa_product_family_5613,Muebles y accesorios para merchandising,5613,fel_pa_product_segment_56
fel_pa_product_family_5614,Adornos para el hogar,5614,fel_pa_product_segment_56
fel_pa_product_family_6010,Materiales didácticos profesionales y de desarrollo y accesorios y suministros,6010,fel_pa_product_segment_60
fel_pa_product_family_6011,Decoraciones y suministros del aula,6011,fel_pa_product_segment_60
fel_pa_product_family_6012,"Equipo, accesorios y suministros de arte y manualidades",6012,fel_pa_product_segment_60
fel_pa_product_family_6013,"Instrumentos musicales, piezas y accesorios",6013,fel_pa_product_segment_60
fel_pa_product_family_6014,Juguetes y juegos,6014,fel_pa_product_segment_60
fel_pa_product_family_7010,Pesquerías y acuicultura,7010,fel_pa_product_segment_70
fel_pa_product_family_7011,Horticultura,7011,fel_pa_product_segment_70
fel_pa_product_family_7012,Servicios de animales vivos,7012,fel_pa_product_segment_70
fel_pa_product_family_7013,"Preparación, gestión y protección del terreno y del suelo",7013,fel_pa_product_segment_70
fel_pa_product_family_7014,"Producción, gestión y protección de cultivos",7014,fel_pa_product_segment_70
fel_pa_product_family_7015,Silvicultura,7015,fel_pa_product_segment_70
fel_pa_product_family_7016,Fauna y flora silvestres,7016,fel_pa_product_segment_70
fel_pa_product_family_7017,Desarrollo y vigilancia de recursos hidráulicos,7017,fel_pa_product_segment_70
fel_pa_product_family_7110,Servicios de minería,7110,fel_pa_product_segment_71
fel_pa_product_family_7111,Servicios de perforación y prospección petrolífera y de gas,7111,fel_pa_product_segment_71
fel_pa_product_family_7112,Servicios de construcción y perforación de pozos,7112,fel_pa_product_segment_71
fel_pa_product_family_7113,Servicios de aumento de la extracción y producción de gas y petróleo,7113,fel_pa_product_segment_71
fel_pa_product_family_7114,Servicios de restauración y recuperación de gas y petróleo,7114,fel_pa_product_segment_71
fel_pa_product_family_7115,Servicios de procesamiento y gestión de datos de petróleo y gas,7115,fel_pa_product_segment_71
fel_pa_product_family_7116,Servicios de gerencia de proyectos en pozos de petróleo y gas,7116,fel_pa_product_segment_71
fel_pa_product_family_7210,Servicios de mantenimiento y reparaciones de construcciones e instalaciones,7210,fel_pa_product_segment_72
fel_pa_product_family_7211,Servicios de construcción de edificaciones residenciales,7211,fel_pa_product_segment_72
fel_pa_product_family_7212,Servicios de construcción de edificaciones no residenciales,7212,fel_pa_product_segment_72
fel_pa_product_family_7214,Servicios de construcción pesada,7214,fel_pa_product_segment_72
fel_pa_product_family_7215,Servicios de mantenimiento y construcción de comercio especializado,7215,fel_pa_product_segment_72
fel_pa_product_family_7310,Industrias de plásticos y productos químicos,7310,fel_pa_product_segment_73
fel_pa_product_family_7311,Industrias de la madera y el papel,7311,fel_pa_product_segment_73
fel_pa_product_family_7312,Industrias del metal y de minerales,7312,fel_pa_product_segment_73
fel_pa_product_family_7313,Industrias de alimentos y bebidas,7313,fel_pa_product_segment_73
fel_pa_product_family_7314,"Industrias de fibras, textiles y de tejidos",7314,fel_pa_product_segment_73
fel_pa_product_family_7315,Servicios de apoyo a la fabricación,7315,fel_pa_product_segment_73
fel_pa_product_family_7316,Fabricación de maquinaria y equipo de transporte,7316,fel_pa_product_segment_73
fel_pa_product_family_7317,Fabricación de productos eléctricos e instrumentos de precisión,7317,fel_pa_product_segment_73
fel_pa_product_family_7318,Servicios de maquinado y procesado,7318,fel_pa_product_segment_73
fel_pa_product_family_7610,Servicios de descontaminación,7610,fel_pa_product_segment_76
fel_pa_product_family_7611,Servicios de aseo y limpieza,7611,fel_pa_product_segment_76
fel_pa_product_family_7612,Eliminación y tratamiento de desechos,7612,fel_pa_product_segment_76
fel_pa_product_family_7613,Limpieza de residuos tóxicos y peligrosos,7613,fel_pa_product_segment_76
fel_pa_product_family_7710,Gestión medioambiental,7710,fel_pa_product_segment_77
fel_pa_product_family_7711,Protección medioambiental,7711,fel_pa_product_segment_77
fel_pa_product_family_7712,"Seguimiento, control y rehabilitación de la contaminación",7712,fel_pa_product_segment_77
fel_pa_product_family_7713,"Servicios de seguimiento, control o rehabilitación de contaminantes",7713,fel_pa_product_segment_77
fel_pa_product_family_7810,Transporte de correo y carga,7810,fel_pa_product_segment_78
fel_pa_product_family_7811,Transporte de pasajeros,7811,fel_pa_product_segment_78
fel_pa_product_family_7812,Manejo y embalaje de material,7812,fel_pa_product_segment_78
fel_pa_product_family_7813,Almacenaje,7813,fel_pa_product_segment_78
fel_pa_product_family_7814,Servicios de transporte,7814,fel_pa_product_segment_78
fel_pa_product_family_7818,Servicios de mantenimiento o reparaciones de transportes,7818,fel_pa_product_segment_78
fel_pa_product_family_8010,Servicios de asesoría de gestión,8010,fel_pa_product_segment_80
fel_pa_product_family_8011,Servicios de recursos humanos,8011,fel_pa_product_segment_80
fel_pa_product_family_8012,Servicios legales,8012,fel_pa_product_segment_80
fel_pa_product_family_8013,Servicios inmobiliarios,8013,fel_pa_product_segment_80
fel_pa_product_family_8014,Comercialización y distribución,8014,fel_pa_product_segment_80
fel_pa_product_family_8015,Política comercial y servicios,8015,fel_pa_product_segment_80
fel_pa_product_family_8016,Servicios de administración de empresas,8016,fel_pa_product_segment_80
fel_pa_product_family_8110,Servicios profesionales de ingeniería,8110,fel_pa_product_segment_81
fel_pa_product_family_8111,Servicios informáticos,8111,fel_pa_product_segment_81
fel_pa_product_family_8112,Economía,8112,fel_pa_product_segment_81
fel_pa_product_family_8113,Estadística,8113,fel_pa_product_segment_81
fel_pa_product_family_8114,Tecnologías de fabricación,8114,fel_pa_product_segment_81
fel_pa_product_family_8115,Servicios de pedología,8115,fel_pa_product_segment_81
fel_pa_product_family_8116,Entrega de servicios de tecnología de información,8116,fel_pa_product_segment_81
fel_pa_product_family_8210,Publicidad,8210,fel_pa_product_segment_82
fel_pa_product_family_8211,Escritura y traducciones,8211,fel_pa_product_segment_82
fel_pa_product_family_8212,Servicios de reproducción,8212,fel_pa_product_segment_82
fel_pa_product_family_8213,Servicios fotográficos,8213,fel_pa_product_segment_82
fel_pa_product_family_8214,Diseño gráfico,8214,fel_pa_product_segment_82
fel_pa_product_family_8215,Artistas e intérpretes profesionales,8215,fel_pa_product_segment_82
fel_pa_product_family_8310,Servicios públicos,8310,fel_pa_product_segment_83
fel_pa_product_family_8311,Servicios de medios de telecomunicaciones,8311,fel_pa_product_segment_83
fel_pa_product_family_8312,Servicios de información,8312,fel_pa_product_segment_83
fel_pa_product_family_8410,Finanzas de desarrollo,8410,fel_pa_product_segment_84
fel_pa_product_family_8411,Servicios de contabilidad y auditorias,8411,fel_pa_product_segment_84
fel_pa_product_family_8412,Banca e inversiones,8412,fel_pa_product_segment_84
fel_pa_product_family_8413,Servicios de seguros y pensiones,8413,fel_pa_product_segment_84
fel_pa_product_family_8414,Agencias de crédito,8414,fel_pa_product_segment_84
fel_pa_product_family_8510,Servicios integrales de salud,8510,fel_pa_product_segment_85
fel_pa_product_family_8511,Prevención y control de enfermedades,8511,fel_pa_product_segment_85
fel_pa_product_family_8512,Práctica médica,8512,fel_pa_product_segment_85
fel_pa_product_family_8513,"Ciencia médica, investigación y experimentación",8513,fel_pa_product_segment_85
fel_pa_product_family_8514,Medicina alternativa y holística,8514,fel_pa_product_segment_85
fel_pa_product_family_8515,Servicios alimenticios y de nutrición,8515,fel_pa_product_segment_85
fel_pa_product_family_8516,"Servicios de mantenimiento, renovación y reparación de equipo médico quirúrgico",8516,fel_pa_product_segment_85
fel_pa_product_family_8517,Servicios de muerte y soporte al fallecimiento,8517,fel_pa_product_segment_85
fel_pa_product_family_8610,Formación profesional,8610,fel_pa_product_segment_86
fel_pa_product_family_8611,Sistemas educativos alternativos,8611,fel_pa_product_segment_86
fel_pa_product_family_8612,Instituciones educativas,8612,fel_pa_product_segment_86
fel_pa_product_family_8613,Servicios educativos especializados,8613,fel_pa_product_segment_86
fel_pa_product_family_8614,Instalaciones educativas,8614,fel_pa_product_segment_86
fel_pa_product_family_9010,Restaurantes y catering (servicios de comidas y bebidas),9010,fel_pa_product_segment_90
fel_pa_product_family_9011,"Instalaciones hoteleras, alojamientos y centros de encuentros",9011,fel_pa_product_segment_90
fel_pa_product_family_9012,Facilitación de viajes,9012,fel_pa_product_segment_90
fel_pa_product_family_9013,Artes interpretativas,9013,fel_pa_product_segment_90
fel_pa_product_family_9014,Deportes comerciales,9014,fel_pa_product_segment_90
fel_pa_product_family_9015,Servicios de entretenimiento,9015,fel_pa_product_segment_90
fel_pa_product_family_9110,Aspecto personal,9110,fel_pa_product_segment_91
fel_pa_product_family_9111,Asistencia doméstica y personal,9111,fel_pa_product_segment_91
fel_pa_product_family_9210,Orden público y seguridad,9210,fel_pa_product_segment_92
fel_pa_product_family_9211,Servicios militares o defensa nacional,9211,fel_pa_product_segment_92
fel_pa_product_family_9212,Seguridad y protección personal,9212,fel_pa_product_segment_92
fel_pa_product_family_9310,Sistemas e instituciones políticas,9310,fel_pa_product_segment_93
fel_pa_product_family_9311,Condiciones sociopolíticas,9311,fel_pa_product_segment_93
fel_pa_product_family_9312,Relaciones internacionales,9312,fel_pa_product_segment_93
fel_pa_product_family_9313,Ayuda y asistencia humanitaria,9313,fel_pa_product_segment_93
fel_pa_product_family_9314,Servicios comunitarios y sociales,9314,fel_pa_product_segment_93
fel_pa_product_family_9315,Servicios de administración y financiación pública,9315,fel_pa_product_segment_93
fel_pa_product_family_9316,Tributación,9316,fel_pa_product_segment_93
fel_pa_product_family_9317,Política y regulación comercial,9317,fel_pa_product_segment_93
fel_pa_product_family_9410,Organizaciones laborales,9410,fel_pa_product_segment_94
fel_pa_product_family_9411,Organizaciones religiosas,9411,fel_pa_product_segment_94
fel_pa_product_family_9412,Clubes,9412,fel_pa_product_segment_94
fel_pa_product_family_9413,"Organizaciones, asociaciones y movimientos cívicos",9413,fel_pa_product_segment_94
fel_pa_product_family_9510,Parcelas de tierra,9510,fel_pa_product_segment_95
fel_pa_product_family_9511,Vías,9511,fel_pa_product_segment_95
fel_pa_product_family_9512,Estructuras y edificios permanentes,9512,fel_pa_product_segment_95
fel_pa_product_family_9513,Estructuras y edificios móviles,9513,fel_pa_product_segment_95
fel_pa_product_family_9514,Estructuras y edificios prefabricados,9514,fel_pa_product_segment_95
